{"IcoMoonType":"selection","icons":[{"icon":{"paths":["M192 128l640 384-640 384z"],"attrs":[],"isMulticolor":false,"isMulticolor2":false,"tags":["play","player"],"defaultCode":59932,"grid":16},"attrs":[],"properties":{"ligatures":"play3, player8","name":"play3","id":284,"order":943,"prevSize":32,"code":59932},"setIdx":0,"setId":3,"iconIdx":284},{"icon":{"paths":["M128 128h320v768h-320zM576 128h320v768h-320z"],"attrs":[],"isMulticolor":false,"isMulticolor2":false,"tags":["pause","player"],"defaultCode":59933,"grid":16},"attrs":[],"properties":{"ligatures":"pause2, player9","name":"pause2","id":285,"order":944,"prevSize":32,"code":59933},"setIdx":0,"setId":3,"iconIdx":285},{"icon":{"paths":["M992 512l-480-480v288h-512v384h512v288z"],"attrs":[],"isMulticolor":false,"isMulticolor2":false,"tags":["arrow-right","right","next"],"defaultCode":59956,"grid":16},"attrs":[],"properties":{"ligatures":"arrow-right, right3","name":"arrow-right","id":308,"order":973,"prevSize":32,"code":59956},"setIdx":0,"setId":3,"iconIdx":308},{"icon":{"paths":["M32 512l480 480v-288h512v-384h-512v-288z"],"attrs":[],"isMulticolor":false,"isMulticolor2":false,"tags":["arrow-left","left","previous"],"defaultCode":59960,"grid":16},"attrs":[],"properties":{"ligatures":"arrow-left, left3","name":"arrow-left","id":312,"order":974,"prevSize":32,"code":59960},"setIdx":0,"setId":3,"iconIdx":312}],"height":1024,"metadata":{"name":"icomoon"},"preferences":{"showGlyphs":true,"showQuickUse":true,"showQuickUse2":true,"showSVGs":true,"fontPref":{"prefix":"icon-","metadata":{"fontFamily":"icomoon"},"metrics":{"emSize":1024,"baseline":6.25,"whitespace":50},"embed":false},"imagePref":{"prefix":"icon-","png":true,"useClassSelector":true,"color":0,"bgColor":16777215,"classSelector":".icon"},"historySize":50,"showCodes":true,"gridSize":16}}